[
    {
        "Id": 1,
        "Nombre": "Nombre1",
        "Apellido": "Apellido1",
        "CorreoElectronico": "correo1@example.com",
        "Contrasenia": "contrase\u00F1a1",
        "Especialidad": "Especialidad1",
        "Experiencia": "Experiencia1",
        "FotoPerfilUrl": "url1.jpg",
        "fechainscripcion": "2023-09-21T10:00:00"
    },
    {
        "Id": 2,
        "Nombre": "Nombre2",
        "Apellido": "Apellido2",
        "CorreoElectronico": "correo2@example.com",
        "Contrasenia": "contrase\u00F1a2",
        "Especialidad": "Especialidad2",
        "Experiencia": "Experiencia2",
        "FotoPerfilUrl": "url2.jpg",
        "fechainscripcion": "2023-09-22T11:00:00"
    },
    {
        "Id": 2076666806,
        "Nombre": "string",
        "Apellido": "string",
        "CorreoElectronico": "string",
        "Contrasenia": "string",
        "Especialidad": "string",
        "Experiencia": "string",
        "FotoPerfilUrl": "string",
        "fechainscripcion": "2023-09-21T23:14:19.4373411-06:00"
    },
    {
        "Id": -1699393652,
        "Nombre": "string",
        "Apellido": "string",
        "CorreoElectronico": "string",
        "Contrasenia": "string",
        "Especialidad": "string",
        "Experiencia": "string",
        "FotoPerfilUrl": "string",
        "fechainscripcion": "2023-09-21T23:50:58.8117888-06:00"
    },
    {
        "Id": 336626360,
        "Nombre": "string",
        "Apellido": "string",
        "CorreoElectronico": "string",
        "Contrasenia": "string",
        "Especialidad": "string",
        "Experiencia": "string",
        "FotoPerfilUrl": "string",
        "fechainscripcion": "2023-09-22T00:51:38.3876976-06:00"
    },
    {
        "Id": -1534322328,
        "Nombre": "string",
        "Apellido": "string",
        "CorreoElectronico": "string",
        "Contrasenia": "string",
        "Especialidad": "string",
        "Experiencia": "string",
        "FotoPerfilUrl": "string",
        "fechainscripcion": "2023-09-22T06:53:35.6249576-06:00"
    },
    {
        "Id": -334160018,
        "Nombre": "string",
        "Apellido": "string",
        "CorreoElectronico": "string",
        "Contrasenia": "string",
        "Especialidad": "string",
        "Experiencia": "string",
        "FotoPerfilUrl": "string",
        "fechainscripcion": "2023-09-29T07:30:14.520596-06:00"
    }
]