[
    {
        "Id": 1,
        "Nombre": "Rutina de ejemplo 1",
        "Descripcion": "Descripci\u00F3n de la rutina 1",
        "Nivel": "Avanzado",
        "Duracion": "60 minutos",
        "Ejercicio": "Ejercicio 1",
        "fechacreacioon": "2023-09-21T14:30:00Z"
    },
    {
        "Id": 2,
        "Nombre": "Rutina de ejemplo 2",
        "Descripcion": "Descripci\u00F3n de la rutina 2",
        "Nivel": "Intermedio",
        "Duracion": "45 minutos",
        "Ejercicio": "Ejercicio 2",
        "fechacreacioon": "2023-09-22T10:15:00Z"
    },
    {
        "Id": 346989790,
        "Nombre": "string",
        "Descripcion": "string",
        "Nivel": "string",
        "Duracion": "string",
        "Ejercicio": "string",
        "fechacreacioon": "2023-09-22T00:58:48.9203792-06:00"
    }
]