[
    {
        "Id": 123123,
        "Nombre": "striasdng",
        "Apellido": "straasing",
        "CorreoElectronico": "string",
        "Contrasenia": "string",
        "Altura": "string",
        "Peso": "string",
        "Objetivos": "string",
        "fechainscripcion": "2023-09-21T22:30:07.3031074-06:00"
    },
    {
        "Id": -153171,
        "Nombre": "string",
        "Apellido": "string",
        "CorreoElectronico": "string",
        "Contrasenia": "string",
        "Altura": "string",
        "Peso": "string",
        "Objetivos": "string",
        "fechainscripcion": "2023-09-21T22:41:58.4661054-06:00"
    },
    {
        "Id": 816368217,
        "Nombre": "string",
        "Apellido": "string",
        "CorreoElectronico": "string",
        "Contrasenia": "string",
        "Altura": "string",
        "Peso": "string",
        "Objetivos": "string",
        "fechainscripcion": "2023-09-29T08:07:57.0567564-06:00"
    }
]